tier,proposed,why,recipe,recipeEdid,file,bench,result,value,ingredients,effects,shownToday
1,1,"salt and one thing, or a plain drink",f8a:ccBGSSSE001-Fish.esm,ccBGSSSE001_RecipeFoodSalmonCookedCamping,ccBGSSSE001-Fish.esm,Camping_CampfireCookingShared,BYOHFoodSalmonCooked02,4,SaltPile; ccBGSSSE001_FoodSalmon,FoodRestoreHealth 5/0s,yes
1,1,"salt and one thing, or a plain drink",f89:ccBGSSSE001-Fish.esm,ccBGSSSE001_RecipeFoodSlaughterfishCookedCamping,ccBGSSSE001-Fish.esm,Camping_CampfireCookingShared,FoodSlaughterfishCooked,5,SaltPile; ccBGSSSE001_FoodSlaughterfish,FoodRestoreHealth 5/0s,yes
1,1,"salt and one thing, or a plain drink",f7c:ccBGSSSE001-Fish.esm,ccBGSSSE001_RecipeFoodAnglerLarvaeCookedCamping,ccBGSSSE001-Fish.esm,Camping_CampfireCookingShared,ccBGSSSE001_FoodAnglerLarvaeCooked,2,SaltPile; ccBGSSSE001_AnglerLarvaeIng,FoodRestoreHealth 5/0s,yes
1,1,"salt and one thing, or a plain drink",f7e:ccBGSSSE001-Fish.esm,ccBGSSSE001_RecipeFoodArcticGraylingCookedCamping,ccBGSSSE001-Fish.esm,Camping_CampfireCookingShared,ccBGSSSE001_FoodArcticGraylingCooked,8,SaltPile; ccBGSSSE001_FoodArcticGrayling,FoodRestoreHealth 5/0s,yes
1,1,"salt and one thing, or a plain drink",f7f:ccBGSSSE001-Fish.esm,ccBGSSSE001_RecipeFoodAsiaticGlassfishCookedCamping,ccBGSSSE001-Fish.esm,Camping_CampfireCookingShared,ccBGSSSE001_FoodAsiaticGlassfishCooked,2,SaltPile; ccBGSSSE001_GlassfishIng,FoodRestoreHealth 5/0s,yes
1,1,"salt and one thing, or a plain drink",f82:ccBGSSSE001-Fish.esm,ccBGSSSE001_RecipeFoodBucketFishCookedCamping,ccBGSSSE001-Fish.esm,Camping_CampfireCookingShared,ccBGSSSE001_FoodBucketFishCooked,2,SaltPile; ccBGSSSE001_FoodBucketFish,FoodRestoreHealth 5/0s,yes
1,1,"salt and one thing, or a plain drink",f84:ccBGSSSE001-Fish.esm,ccBGSSSE001_RecipeFoodCarpCookedCamping,ccBGSSSE001-Fish.esm,Camping_CampfireCookingShared,ccBGSSSE001_FoodCarpCooked,5,SaltPile; ccBGSSSE001_FoodCarp,FoodRestoreHealth 5/0s,yes
1,1,"salt and one thing, or a plain drink",f93:ccBGSSSE001-Fish.esm,ccBGSSSE001_RecipeFoodCuckooCatfishCookedCamping,ccBGSSSE001-Fish.esm,Camping_CampfireCookingShared,ccBGSSSE001_FoodCuckooCatfishCooked,5,SaltPile; ccBGSSSE001_FoodCuckooCatfish,FoodRestoreHealth 5/0s,yes
1,1,"salt and one thing, or a plain drink",f92:ccBGSSSE001-Fish.esm,ccBGSSSE001_RecipeFoodDragonfishCookedCamping,ccBGSSSE001-Fish.esm,Camping_CampfireCookingShared,ccBGSSSE001_FoodDragonfishCooked,5,SaltPile; ccBGSSSE001_FoodDragonfish,FoodRestoreHealth 5/0s,yes
1,1,"salt and one thing, or a plain drink",f90:ccBGSSSE001-Fish.esm,ccBGSSSE001_RecipeFoodGlassCatfishCookedCamping,ccBGSSSE001-Fish.esm,Camping_CampfireCookingShared,ccBGSSSE001_FoodGlassCatfishCooked,5,SaltPile; ccBGSSSE001_FoodGlassCatfish,FoodRestoreHealth 5/0s,yes
1,1,"salt and one thing, or a plain drink",f8c:ccBGSSSE001-Fish.esm,ccBGSSSE001_RecipeFoodPygmySunfishCookedCamping,ccBGSSSE001-Fish.esm,Camping_CampfireCookingShared,ccBGSSSE001_FoodPygmySunfishCooked,5,SaltPile; ccBGSSSE001_PygmySunfishIng,FoodRestoreHealth 5/0s,yes
1,1,"salt and one thing, or a plain drink",f87:ccBGSSSE001-Fish.esm,ccBGSSSE001_RecipeFoodTunaSalmonCookedCamping,ccBGSSSE001-Fish.esm,Camping_CampfireCookingShared,ccBGSSSE001_FoodTunaSalmonCooked,5,SaltPile; ccBGSSSE001_FoodTunaSalmon,FoodRestoreHealth 5/0s,yes
1,1,"salt and one thing, or a plain drink",60280d:BSAssets.esm,BSKRecipeFoodEggBoiled,BSAssets.esm,CraftingCookpot,BSKFoodEggBoiled,4,BirdEgg03; SaltPile,FoodRestoreHealth 5/0s,yes
1,1,"salt and one thing, or a plain drink",b6c57:BSHeartland.esm,CYRRecipeFoodAppleBaked,BSHeartland.esm,CraftingCookpot,CYRFoodAppleBaked,3,FoodApple; FoodHoney,FoodRestoreHealth 5/0s,yes
1,1,"salt and one thing, or a plain drink",721ce:BSHeartland.esm,CYRRecipeFoodGarlicCarrots,BSHeartland.esm,CraftingCookpot,CYRFoodGarlicCarrots,1,Garlic; FoodCarrotx2,FoodRestoreHealth 6/0s,yes
1,1,"salt and one thing, or a plain drink",cc282:BSHeartland.esm,CYRRecipeFoodRatCooked,BSHeartland.esm,CraftingCookpot,CYRFoodRatCooked,1,SaltPile; BSKFoodRatMeat,FoodRestoreHealth 5/0s,yes
1,1,"salt and one thing, or a plain drink",721cd:BSHeartland.esm,CYRRecipeFoodTroutCooked,BSHeartland.esm,CraftingCookpot,CYRFoodTroutCooked,3,SaltPile; CYRFoodTrout,FoodRestoreHealth 5/0s,yes
1,1,"salt and one thing, or a plain drink",71a15:BSHeartland.esm,CYRRecipeFoodTurkeyCooked,BSHeartland.esm,CraftingCookpot,CYRFoodTurkeyCooked,3,SaltPile; CYRFoodTurkey,FoodRestoreHealth 5/0s,yes
1,1,"salt and one thing, or a plain drink",8ae:ccBGSSSE001-Fish.esm,ccBGSSSE001_RecipeFoodSalmonCooked,ccBGSSSE001-Fish.esm,CraftingCookpot,BYOHFoodSalmonCooked02,4,SaltPile; ccBGSSSE001_FoodSalmon,FoodRestoreHealth 5/0s,yes
1,1,"salt and one thing, or a plain drink",f26:ccBGSSSE001-Fish.esm,ccBGSSSE001_RecipeFoodSlaughterfishCooked,ccBGSSSE001-Fish.esm,CraftingCookpot,FoodSlaughterfishCooked,5,SaltPile; ccBGSSSE001_FoodSlaughterfish,FoodRestoreHealth 5/0s,yes
1,1,"salt and one thing, or a plain drink",8bc:ccBGSSSE001-Fish.esm,ccBGSSSE001_RecipeFoodAnglerLarvaeCooked,ccBGSSSE001-Fish.esm,CraftingCookpot,ccBGSSSE001_FoodAnglerLarvaeCooked,2,SaltPile; ccBGSSSE001_AnglerLarvaeIng,FoodRestoreHealth 5/0s,yes
1,1,"salt and one thing, or a plain drink",8ad:ccBGSSSE001-Fish.esm,ccBGSSSE001_RecipeFoodArcticGraylingCooked,ccBGSSSE001-Fish.esm,CraftingCookpot,ccBGSSSE001_FoodArcticGraylingCooked,8,SaltPile; ccBGSSSE001_FoodArcticGrayling,FoodRestoreHealth 5/0s,yes
1,1,"salt and one thing, or a plain drink",8af:ccBGSSSE001-Fish.esm,ccBGSSSE001_RecipeFoodAsiaticGlassfishCooked,ccBGSSSE001-Fish.esm,CraftingCookpot,ccBGSSSE001_FoodAsiaticGlassfishCooked,2,SaltPile; ccBGSSSE001_GlassfishIng,FoodRestoreHealth 5/0s,yes
1,1,"salt and one thing, or a plain drink",8b2:ccBGSSSE001-Fish.esm,ccBGSSSE001_RecipeFoodBucketFishCooked,ccBGSSSE001-Fish.esm,CraftingCookpot,ccBGSSSE001_FoodBucketFishCooked,2,SaltPile; ccBGSSSE001_FoodBucketFish,FoodRestoreHealth 5/0s,yes
1,1,"salt and one thing, or a plain drink",8b4:ccBGSSSE001-Fish.esm,ccBGSSSE001_RecipeFoodCarpCooked,ccBGSSSE001-Fish.esm,CraftingCookpot,ccBGSSSE001_FoodCarpCooked,5,SaltPile; ccBGSSSE001_FoodCarp,FoodRestoreHealth 5/0s,yes
1,1,"salt and one thing, or a plain drink",8b5:ccBGSSSE001-Fish.esm,ccBGSSSE001_RecipeFoodCuckooCatfishCooked,ccBGSSSE001-Fish.esm,CraftingCookpot,ccBGSSSE001_FoodCuckooCatfishCooked,5,SaltPile; ccBGSSSE001_FoodCuckooCatfish,FoodRestoreHealth 5/0s,yes
1,1,"salt and one thing, or a plain drink",8b6:ccBGSSSE001-Fish.esm,ccBGSSSE001_RecipeFoodDragonfishCooked,ccBGSSSE001-Fish.esm,CraftingCookpot,ccBGSSSE001_FoodDragonfishCooked,5,SaltPile; ccBGSSSE001_FoodDragonfish,FoodRestoreHealth 5/0s,yes
1,1,"salt and one thing, or a plain drink",8b8:ccBGSSSE001-Fish.esm,ccBGSSSE001_RecipeFoodGlassCatfishCooked,ccBGSSSE001-Fish.esm,CraftingCookpot,ccBGSSSE001_FoodGlassCatfishCooked,5,SaltPile; ccBGSSSE001_FoodGlassCatfish,FoodRestoreHealth 5/0s,yes
1,1,"salt and one thing, or a plain drink",8bb:ccBGSSSE001-Fish.esm,ccBGSSSE001_RecipeFoodPygmySunfishCooked,ccBGSSSE001-Fish.esm,CraftingCookpot,ccBGSSSE001_FoodPygmySunfishCooked,5,SaltPile; ccBGSSSE001_PygmySunfishIng,FoodRestoreHealth 5/0s,yes
1,1,"salt and one thing, or a plain drink",8a8:ccBGSSSE001-Fish.esm,ccBGSSSE001_RecipeFoodTunaSalmonCooked,ccBGSSSE001-Fish.esm,CraftingCookpot,ccBGSSSE001_FoodTunaSalmonCooked,5,SaltPile; ccBGSSSE001_FoodTunaSalmon,FoodRestoreHealth 5/0s,yes
1,1,"salt and one thing, or a plain drink",9da:ccQDRSSE001-SurvivalMode.esl,Survival_DLC2RecipeFoodStewCabbage,ccQDRSSE001-SurvivalMode.esl,CraftingCookpot,Survival_FoodHotCabbageSoup,5,FoodCabbage; FireSalts,FoodRestoreHealth 10/0s,gated: GetGlobalValue
1,1,"salt and one thing, or a plain drink",9d7:ccQDRSSE001-SurvivalMode.esl,Survival_RecipeFoodSoupPotato,ccQDRSSE001-SurvivalMode.esl,CraftingCookpot,Survival_FoodHotPotatoSoup,5,FoodPotato; FireSalts,FoodRestoreHealth 10/0s,gated: GetGlobalValue
1,1,"salt and one thing, or a plain drink",3cd5c:Dragonborn.esm,DLC2RecipeFoodStewCabbage,Dragonborn.esm,CraftingCookpot,FoodCabbageSoup,5,SaltPile; FoodCabbage,FoodRestoreHealth 10/0s; FoodRestoreStamina 8/0s,yes
1,1,"salt and one thing, or a plain drink",3544:HearthFires.esm,BYOHRecipeFoodMudcrabLegsCooked,HearthFires.esm,CraftingCookpot,BYOHFoodMudcrabLegsCooked,4,BYOHFoodMudcrabLegs; BYOHFoodButter,FoodRestoreHealth 12/0s,yes
1,1,"salt and one thing, or a plain drink",f4310:Skyrim.esm,RecipeFoodSalmonCooked,HearthFires.esm,CraftingCookpot,BYOHFoodSalmonCooked02,4,SaltPile; FoodSalmon,FoodRestoreHealth 5/0s,yes
1,1,"salt and one thing, or a plain drink",3542:HearthFires.esm,RecipeFoodSoupPotato,HearthFires.esm,CraftingCookpot,FoodPotatoSoup,5,FoodPotato; SaltPile,FoodRestoreHealth 10/0s; FoodRestoreStamina 10/0s,yes
1,1,"salt and one thing, or a plain drink",f4309:Skyrim.esm,RecipeFoodBeefCooked,Skyrim.esm,CraftingCookpot,FoodBeefCooked,5,SaltPile; FoodBeef,FoodRestoreHealth 10/0s,yes
1,1,"salt and one thing, or a plain drink",f4308:Skyrim.esm,RecipeFoodChickenCooked,Skyrim.esm,CraftingCookpot,FoodChickenCooked,4,SaltPile; FoodChicken,FoodRestoreHealth 5/0s,yes
1,1,"salt and one thing, or a plain drink",f430a:Skyrim.esm,RecipeFoodGoatCooked,Skyrim.esm,CraftingCookpot,FoodGoatMeatCooked,4,SaltPile; FoodGoatMeat,FoodRestoreHealth 10/0s,yes
1,1,"salt and one thing, or a plain drink",f430b:Skyrim.esm,RecipeFoodHorkerCooked,Skyrim.esm,CraftingCookpot,FoodHorkerMeatCooked,4,SaltPile; FoodHorkerMeat,FoodRestoreHealth 10/0s,yes
1,1,"salt and one thing, or a plain drink",f430c:Skyrim.esm,RecipeFoodHorseCooked,Skyrim.esm,CraftingCookpot,FoodHorseMeatCooked,4,SaltPile; FoodHorseMeat,FoodRestoreHealth 10/0s,yes
1,1,"salt and one thing, or a plain drink",f430d:Skyrim.esm,RecipeFoodMammothCooked,Skyrim.esm,CraftingCookpot,FoodMammothMeatCooked,8,SaltPile; FoodMammothMeat,FoodRestoreHealth 10/0s,yes
1,1,"salt and one thing, or a plain drink",f430e:Skyrim.esm,RecipeFoodPheasantCooked,Skyrim.esm,CraftingCookpot,FoodPheasantCooked,4,FoodPheasant; SaltPile,FoodRestoreHealth 5/0s,yes
1,1,"salt and one thing, or a plain drink",f430f:Skyrim.esm,RecipeFoodRabbitCooked,Skyrim.esm,CraftingCookpot,FoodRabbitCooked,3,SaltPile; FoodRabbit,FoodRestoreHealth 5/0s,yes
1,1,"salt and one thing, or a plain drink",f4311:Skyrim.esm,RecipeFoodVenisonCooked,Skyrim.esm,CraftingCookpot,FoodVenisonCooked,5,SaltPile; FoodVenison,FoodRestoreHealth 5/0s,yes
2,2,three or four ingredients,602944:BSAssets.esm,BSKRecipeFoodCabbageRoll,BSAssets.esm,CraftingCookpot,BSKFoodCabbageRoll,4,FoodCabbage; FoodBeef; BSKRice,FoodRestoreHealth 10/0s,yes
2,2,three or four ingredients,6028c8:BSAssets.esm,BSKRecipeFoodLambCooked,BSAssets.esm,CraftingCookpot,BSKFoodLambCooked,4,SaltPile; Garlic; BSKFoodLambLeg,FoodRestoreHealth 10/0s,yes
2,2,three or four ingredients,721cc:BSHeartland.esm,CYRRecipeFoodJuggedRabbit,BSHeartland.esm,CraftingCookpot,CYRFoodJuggedRabbit,8,SaltPile; JuniperBerries; FoodRabbit,FoodRestoreHealth 30/0s,yes
2,2,three or four ingredients,f05:ccBGSSSE001-Fish.esm,ccBGSSSE001_RecipeFoodPotatoCrabChowder,ccBGSSSE001-Fish.esm,CraftingCookpot,ccBGSSSE001_FoodSoupPotatoCrabChowder,8,ccBGSSSE001_FoodCrabMeat; FoodPotato; BYOHFoodMilk; BYOHFoodButter,FoodRestoreHealth 15/0s; FoodRestoreStamina 5/0s,yes
2,2,three or four ingredients,a18:ccQDRSSE001-SurvivalMode.esl,Survival_DLC2RecipeFoodStewHorkerAshYam,ccQDRSSE001-SurvivalMode.esl,CraftingCookpot,Survival_DLC2FoodHotHorkerAshYamStew,9,FoodHorkerMeat; Garlic; DLC2FoodAshYam; FireSalts,FoodRestoreHealth 16/0s,gated: GetGlobalValue
2,2,three or four ingredients,a19:ccQDRSSE001-SurvivalMode.esl,Survival_RecipeFoodStewAppleCabbage,ccQDRSSE001-SurvivalMode.esl,CraftingCookpot,Survival_FoodHotAppleCabbageStew,8,FoodCabbage; FoodApple; FireSalts,FoodRestoreHealth 10/0s,gated: GetGlobalValue
2,2,three or four ingredients,9d6:ccQDRSSE001-SurvivalMode.esl,Survival_RecipeFoodSoupCabbagePotato,ccQDRSSE001-SurvivalMode.esl,CraftingCookpot,Survival_FoodHotCabbagePotatoSoup,5,FoodCabbage; FoodLeek; FoodPotato; FireSalts,FoodRestoreHealth 10/0s,gated: GetGlobalValue
2,2,three or four ingredients,9d8:ccQDRSSE001-SurvivalMode.esl,Survival_RecipeFoodSoupTomato,ccQDRSSE001-SurvivalMode.esl,CraftingCookpot,Survival_FoodHotTomatoSoup,5,FoodLeek; Garlic; FireSalts; FoodTomato,FoodRestoreHealth 10/0s,gated: GetGlobalValue
2,2,three or four ingredients,3cd5d:Dragonborn.esm,DLC2RecipeFoodStewHorkerAshYam,Dragonborn.esm,CraftingCookpot,DLC2FoodHorkerAshYamStew,9,DLC2FoodAshYam; Garlic; FoodHorkerMeat,FoodRestoreHealth 16/0s; FoodRestoreStamina 12/0s,yes
2,2,three or four ingredients,3543:HearthFires.esm,BYOHRecipeFoodSoupClamChowder,HearthFires.esm,CraftingCookpot,BYOHFoodClamChowder,5,FoodClamMeat; FoodPotato; BYOHFoodMilk; BYOHFoodButter,FoodRestoreHealth 10/0s; FoodRestoreStamina 10/0s,yes
2,2,three or four ingredients,f4312:Skyrim.esm,RecipeFoodStewAppleCabbage,Skyrim.esm,CraftingCookpot,FoodAppleCabbageStew,8,SaltPile; FoodApple; FoodCabbage,FoodRestoreStamina 15/0s; FoodRestoreHealth 10/0s,yes
2,2,three or four ingredients,f431a:Skyrim.esm,RecipeFoodSoupCabbagePotato,Skyrim.esm,CraftingCookpot,FoodCabbagePotatoSoup,5,FoodPotato; SaltPile; FoodLeek; FoodCabbage,FoodRestoreHealth 10/0s; FoodRestoreStamina 10/0s,yes
2,2,three or four ingredients,f4318:Skyrim.esm,RecipeFoodSoupTomato,Skyrim.esm,CraftingCookpot,FoodTomatoSoup,5,FoodTomato; SaltPile; Garlic; FoodLeek,FoodRestoreHealth 10/0s; FoodRestoreStamina 10/0s,yes
3,3,baked at the oven,117fa:HearthFires.esm,BYOHRecipeFoodJazbayCrostata,HearthFires.esm,BYOHCraftingOven,BYOHFoodJazbayCrostata,5,BYOHFoodButter; JazBayx2; BYOHFoodFlour,FoodRestoreHealth 10/0s; FoodFortifyMagicka 4/60s,yes
3,3,baked at the oven,117f8:HearthFires.esm,BYOHRecipeFoodPotatoBread,HearthFires.esm,BYOHCraftingOven,BYOHFoodPotatoBread01A,2,SaltPile; BYOHFoodMilk; BYOHFoodFlour; FoodPotato; BirdEgg03,FoodRestoreHealth 3/0s,yes
3,3,baked at the oven,117f6:HearthFires.esm,BYOHRecipeFoodBread,HearthFires.esm,BYOHCraftingOven,FoodBread01A,2,SaltPile; BYOHFoodMilk; BYOHFoodFlour; BirdEgg03,FoodRestoreHealth 2/0s,yes
3,3,baked at the oven,117fe:HearthFires.esm,BYOHRecipeFoodApplePie,HearthFires.esm,BYOHCraftingOven,FoodPie,5,SaltPile; BYOHFoodFlour; BYOHFoodButter; BirdEgg03; FoodApple02x2; FoodApplex2,FoodRestoreHealth 10/0s,yes
3,3,baked at the oven,117fb:HearthFires.esm,BYOHRecipeFoodSweetRoll,HearthFires.esm,BYOHCraftingOven,FoodSweetroll,2,SaltPile; BYOHFoodMilk; BYOHFoodFlour; BYOHFoodButter; BirdEgg03,FoodRestoreHealth 5/0s,yes
3,3,baked at the oven,1a255e:Journey to Baan Malur.esp,AshYamBakedRecipe,Journey to Baan Malur.esp,BYOHCraftingOven,SOMRBakedAshYam,2,BYOHFoodButter; DLC2FoodAshYam,FoodRestoreHealth 5/0s,yes
3,3,baked at the oven,3db62:Journey to Baan Malur.esp,BantamGuarPieRecipe,Journey to Baan Malur.esp,BYOHCraftingOven,SOMRGuarPie,5,BYOHFoodFlour; BYOHFoodButter; BantamMeatRaw,FoodRestoreHealth 15/0s,yes
3,3,baked at the oven,3db63:Journey to Baan Malur.esp,GuarPieRecipe,Journey to Baan Malur.esp,BYOHCraftingOven,SOMRGuarPie,5,BYOHFoodFlour; BYOHFoodButter; GwarMeatRaw,FoodRestoreHealth 15/0s,yes
3,3,baked at the oven,1e4813:Journey to Baan Malur.esp,KwamaQuicheRecipe,Journey to Baan Malur.esp,BYOHCraftingOven,SOMRKwamaQuiche,5,GwarCheeseWheel; DLC2Scathecraw01x2; KwamaEgg,FoodRestoreHealth 10/0s,yes
3,3,baked at the oven,1f3b5c:Journey to Baan Malur.esp,WickwheatenBreadRecipe,Journey to Baan Malur.esp,BYOHCraftingOven,SOMRWickwheatBread,2,SOMRAshSalts; Wickwheatx4,FoodRestoreHealth 2/0s,yes
3,3,a rare catch or rich dish (15 gold or more),f94:ccBGSSSE001-Fish.esm,ccBGSSSE001_RecipeFoodAnglerCookedCamping,ccBGSSSE001-Fish.esm,Camping_CampfireCookingShared,ccBGSSSE001_FoodAnglerCooked,40,SaltPile; ccBGSSSE001_FoodAngler,FoodRestoreHealth 5/0s,yes
3,3,a rare catch or rich dish (15 gold or more),f7d:ccBGSSSE001-Fish.esm,ccBGSSSE001_RecipeFoodArcticCharCookedCamping,ccBGSSSE001-Fish.esm,Camping_CampfireCookingShared,ccBGSSSE001_FoodArcticCharCooked,15,SaltPile; ccBGSSSE001_FoodArcticChar,FoodRestoreHealth 5/0s,yes
3,3,a rare catch or rich dish (15 gold or more),f80:ccBGSSSE001-Fish.esm,ccBGSSSE001_RecipeFoodAtlanticCodCookedCamping,ccBGSSSE001-Fish.esm,Camping_CampfireCookingShared,ccBGSSSE001_FoodAtlanticCodCooked,18,SaltPile; ccBGSSSE001_FoodAtlanticCod,FoodRestoreHealth 5/0s,yes
3,3,a rare catch or rich dish (15 gold or more),f81:ccBGSSSE001-Fish.esm,ccBGSSSE001_RecipeFoodAustrolebiasCookedCamping,ccBGSSSE001-Fish.esm,Camping_CampfireCookingShared,ccBGSSSE001_FoodAustrolebiasCooked,18,SaltPile; ccBGSSSE001_PearlfishIng,FoodRestoreHealth 5/0s,yes
3,3,a rare catch or rich dish (15 gold or more),f83:ccBGSSSE001-Fish.esm,ccBGSSSE001_RecipeFoodCabezonCookedCamping,ccBGSSSE001-Fish.esm,Camping_CampfireCookingShared,ccBGSSSE001_FoodCabezonCooked,40,SaltPile; ccBGSSSE001_FoodCabezon,FoodRestoreHealth 5/0s,yes
3,3,a rare catch or rich dish (15 gold or more),f91:ccBGSSSE001-Fish.esm,ccBGSSSE001_RecipeFoodFlameAnglerfishCookedCamping,ccBGSSSE001-Fish.esm,Camping_CampfireCookingShared,ccBGSSSE001_FoodFlameAngelfishCooked,40,SaltPile; ccBGSSSE001_AngelfishIng,FoodRestoreHealth 5/0s,yes
3,3,a rare catch or rich dish (15 gold or more),f8f:ccBGSSSE001-Fish.esm,ccBGSSSE001_RecipeFoodGoldfishCookedCamping,ccBGSSSE001-Fish.esm,Camping_CampfireCookingShared,ccBGSSSE001_FoodGoldfishCooked,15,SaltPile; ccBGSSSE001_GoldfishIng,FoodRestoreHealth 5/0s,yes
3,3,a rare catch or rich dish (15 gold or more),f8e:ccBGSSSE001-Fish.esm,ccBGSSSE001_RecipeFoodJuvenileMudcrabCookedCamping,ccBGSSSE001-Fish.esm,Camping_CampfireCookingShared,ccBGSSSE001_FoodJuvenileMudcrabCooked,15,SaltPile; ccBGSSSE001_JuvenileMudcrabIng,FoodRestoreHealth 5/0s,yes
3,3,a rare catch or rich dish (15 gold or more),f8d:ccBGSSSE001-Fish.esm,ccBGSSSE001_RecipeFoodLyretailAnthiasCookedCamping,ccBGSSSE001-Fish.esm,Camping_CampfireCookingShared,ccBGSSSE001_FoodLyretailAnthiasCooked,40,SaltPile; ccBGSSSE001_LyretailAnthiasIng,FoodRestoreHealth 5/0s,yes
3,3,a rare catch or rich dish (15 gold or more),f8b:ccBGSSSE001-Fish.esm,ccBGSSSE001_RecipeFoodPinnateSpadefishCookedCamping,ccBGSSSE001-Fish.esm,Camping_CampfireCookingShared,ccBGSSSE001_FoodPinnateSpadefishCooked,18,SaltPile; ccBGSSSE001_PinnateSpadefishIng,FoodRestoreHealth 5/0s,yes
3,3,a rare catch or rich dish (15 gold or more),f88:ccBGSSSE001-Fish.esm,ccBGSSSE001_RecipeFoodTripodFishCookedCamping,ccBGSSSE001-Fish.esm,Camping_CampfireCookingShared,ccBGSSSE001_FoodTripodFishCooked,15,SaltPile; ccBGSSSE001_FoodTripodFish,FoodRestoreHealth 5/0s,yes
3,3,a rare catch or rich dish (15 gold or more),f86:ccBGSSSE001-Fish.esm,ccBGSSSE001_RecipeFoodVampireFishCookedCamping,ccBGSSSE001-Fish.esm,Camping_CampfireCookingShared,ccBGSSSE001_FoodVampireFishCooked,18,SaltPile; ccBGSSSE001_FoodVampireFish,FoodRestoreHealth 5/0s,yes
3,3,a rare catch or rich dish (15 gold or more),d3900:BSHeartland.esm,CYRdunFrostfireQSTRefinedFrostSaltsConstructible,BSHeartland.esm,CraftingCookpot,CYRdunFrostfireQSTRefinedFrostSalts,150,FrostSalts; FireSalts,,gated: GetStageDone
3,3,a rare catch or rich dish (15 gold or more),8ab:ccBGSSSE001-Fish.esm,ccBGSSSE001_RecipeFoodAnglerCooked,ccBGSSSE001-Fish.esm,CraftingCookpot,ccBGSSSE001_FoodAnglerCooked,40,SaltPile; ccBGSSSE001_FoodAngler,FoodRestoreHealth 5/0s,yes
3,3,a rare catch or rich dish (15 gold or more),8ac:ccBGSSSE001-Fish.esm,ccBGSSSE001_RecipeFoodArcticCharCooked,ccBGSSSE001-Fish.esm,CraftingCookpot,ccBGSSSE001_FoodArcticCharCooked,15,SaltPile; ccBGSSSE001_FoodArcticChar,FoodRestoreHealth 5/0s,yes
3,3,a rare catch or rich dish (15 gold or more),8b0:ccBGSSSE001-Fish.esm,ccBGSSSE001_RecipeFoodAtlanticCodCooked,ccBGSSSE001-Fish.esm,CraftingCookpot,ccBGSSSE001_FoodAtlanticCodCooked,18,SaltPile; ccBGSSSE001_FoodAtlanticCod,FoodRestoreHealth 5/0s,yes
3,3,a rare catch or rich dish (15 gold or more),8b1:ccBGSSSE001-Fish.esm,ccBGSSSE001_RecipeFoodAustrolebiasCooked,ccBGSSSE001-Fish.esm,CraftingCookpot,ccBGSSSE001_FoodAustrolebiasCooked,18,SaltPile; ccBGSSSE001_PearlfishIng,FoodRestoreHealth 5/0s,yes
3,3,a rare catch or rich dish (15 gold or more),8b3:ccBGSSSE001-Fish.esm,ccBGSSSE001_RecipeFoodCabezonCooked,ccBGSSSE001-Fish.esm,CraftingCookpot,ccBGSSSE001_FoodCabezonCooked,40,SaltPile; ccBGSSSE001_FoodCabezon,FoodRestoreHealth 5/0s,yes
3,3,a rare catch or rich dish (15 gold or more),8b7:ccBGSSSE001-Fish.esm,ccBGSSSE001_RecipeFoodFlameAnglerfishCooked,ccBGSSSE001-Fish.esm,CraftingCookpot,ccBGSSSE001_FoodFlameAngelfishCooked,40,SaltPile; ccBGSSSE001_AngelfishIng,FoodRestoreHealth 5/0s,yes
3,3,a rare catch or rich dish (15 gold or more),8b9:ccBGSSSE001-Fish.esm,ccBGSSSE001_RecipeFoodGoldfishCooked,ccBGSSSE001-Fish.esm,CraftingCookpot,ccBGSSSE001_FoodGoldfishCooked,15,SaltPile; ccBGSSSE001_GoldfishIng,FoodRestoreHealth 5/0s,yes
3,3,a rare catch or rich dish (15 gold or more),8fa:ccBGSSSE001-Fish.esm,ccBGSSSE001_RecipeFoodJuvenileMudcrabCooked,ccBGSSSE001-Fish.esm,CraftingCookpot,ccBGSSSE001_FoodJuvenileMudcrabCooked,15,SaltPile; ccBGSSSE001_JuvenileMudcrabIng,FoodRestoreHealth 5/0s,yes
3,3,a rare catch or rich dish (15 gold or more),8ba:ccBGSSSE001-Fish.esm,ccBGSSSE001_RecipeFoodLyretailAnthiasCooked,ccBGSSSE001-Fish.esm,CraftingCookpot,ccBGSSSE001_FoodLyretailAnthiasCooked,40,SaltPile; ccBGSSSE001_LyretailAnthiasIng,FoodRestoreHealth 5/0s,yes
3,3,a rare catch or rich dish (15 gold or more),8aa:ccBGSSSE001-Fish.esm,ccBGSSSE001_RecipeFoodPinnateSpadefishCooked,ccBGSSSE001-Fish.esm,CraftingCookpot,ccBGSSSE001_FoodPinnateSpadefishCooked,18,SaltPile; ccBGSSSE001_PinnateSpadefishIng,FoodRestoreHealth 5/0s,yes
3,3,five or more ingredients,f0d:ccBGSSSE001-Fish.esm,ccBGSSSE001_RecipeFoodPotatoCrabChowderHOT,ccBGSSSE001-Fish.esm,CraftingCookpot,ccBGSSSE001_FoodSoupPotatoCrabChowderHOT,8,ccBGSSSE001_FoodCrabMeat; FoodPotato; BYOHFoodMilk; BYOHFoodButter; FireSalts,FoodRestoreHealth 15/0s; FoodRestoreStamina 5/0s,gated: GetGlobalValue
3,3,a rare catch or rich dish (15 gold or more),8a9:ccBGSSSE001-Fish.esm,ccBGSSSE001_RecipeFoodTripodFishCooked,ccBGSSSE001-Fish.esm,CraftingCookpot,ccBGSSSE001_FoodTripodFishCooked,15,SaltPile; ccBGSSSE001_FoodTripodFish,FoodRestoreHealth 5/0s,yes
3,3,a rare catch or rich dish (15 gold or more),8a7:ccBGSSSE001-Fish.esm,ccBGSSSE001_RecipeFoodVampireFishCooked,ccBGSSSE001-Fish.esm,CraftingCookpot,ccBGSSSE001_FoodVampireFishCooked,18,SaltPile; ccBGSSSE001_FoodVampireFish,FoodRestoreHealth 5/0s,yes
3,3,a poisoner's dish,d9a:ccBGSSSE037-Curios.esl,ccBGSSSE037_RecipeFoodPoisonedAppleRed,ccBGSSSE037-Curios.esl,CraftingCookpot,ccBGSSSE037_PoisonedFoodAppleGreen,3,ccBGSSSE037_Chokeberry; FoodApple02,ccBGSSSE037_AlchDamageHealthDuration 4/60s,yes
3,3,a poisoner's dish,84a:ccBGSSSE037-Curios.esl,ccBGSSSE037_RecipeFoodPoisonedAppleGreen,ccBGSSSE037-Curios.esl,CraftingCookpot,ccBGSSSE037_PoisonedFoodAppleRed,3,ccBGSSSE037_Chokeberry; FoodApple,ccBGSSSE037_AlchDamageHealthDuration 4/60s,yes
3,3,a rare catch or rich dish (15 gold or more),919:ccQDRSSE001-SurvivalMode.esl,Survival_RecipeFoodBoarCooked,ccQDRSSE001-SurvivalMode.esl,CraftingCookpot,DLC2FoodBoarMeatCooked,15,DLC2FoodBoarMeat; SaltPile,FoodRestoreHealth 12/0s,yes
3,3,five or more ingredients,9d5:ccQDRSSE001-SurvivalMode.esl,Survival_BYOHRecipeFoodSoupClamChowder,ccQDRSSE001-SurvivalMode.esl,CraftingCookpot,Survival_BYOHFoodHotClamChowder,5,BYOHFoodButter; BYOHFoodMilk; FoodPotato; FoodClamMeat; FireSalts,FoodRestoreHealth 10/0s,gated: GetGlobalValue
3,3,five or more ingredients,9de:ccQDRSSE001-SurvivalMode.esl,Survival_RecipeFoodStewHorker,ccQDRSSE001-SurvivalMode.esl,CraftingCookpot,Survival_FoodHotHorkerStew,8,FoodHorkerMeat; Garlic; FoodTomato; Lavender; FireSalts,FoodRestoreHealth 15/0s,gated: GetGlobalValue
3,3,a Morrowind dish,805:Journey to Baan Malur.esp,mihailbantamguarCooked,Journey to Baan Malur.esp,CraftingCookpot,BantamMeatCooked,3,SaltPile; BantamMeatRaw,FoodRestoreHealth 5/0s,yes
3,3,a Morrowind dish,1e4828:Journey to Baan Malur.esp,RecipeFlyAmanita,Journey to Baan Malur.esp,CraftingCookpot,FriedFlyAmanitaMushroom,2,Mushroom01; BYOHFoodButter,FoodRestoreHealth 5/0s,yes
3,3,a Morrowind dish,1a041:Journey to Baan Malur.esp,CookedGuarRecipe,Journey to Baan Malur.esp,CraftingCookpot,GwarMeatCooked,4,SaltPile; GwarMeatRaw,FoodRestoreHealth 10/0s,yes
3,3,a Morrowind dish,1e482b:Journey to Baan Malur.esp,FriedAshHopperRecipe,Journey to Baan Malur.esp,CraftingCookpot,HopperMeatCooked,4,BYOHFoodButter; DLC2FoodAshHopperMeat,FoodRestoreHealth 10/0s,yes
3,3,a Morrowind dish,1a040:Journey to Baan Malur.esp,RoastKagoutiRecipe,Journey to Baan Malur.esp,CraftingCookpot,KagoutiFleshCooked,15,SaltPile; KagoutiFleshRaw,FoodRestoreHealth 12/0s,yes
3,3,a Morrowind dish,7afdc:Journey to Baan Malur.esp,CheeseSoupGuarBreadRecipe,Journey to Baan Malur.esp,CraftingCookpot,SOMRCheeseSoup,1,FoodCheeseWheel02A; FoodBread01A,FoodRestoreHealth 2/0s,yes
3,3,a Morrowind dish,3db64:Journey to Baan Malur.esp,GourdSoupRecipe,Journey to Baan Malur.esp,CraftingCookpot,SOMRGourdSoup,8,SaltPile; Garlic; FoodApple; FoodGourdx2,FoodRestoreStamina 15/0s; FoodRestoreHealth 10/0s,yes
3,3,a Morrowind dish,99c75:Journey to Baan Malur.esp,RecipeFoodSoupMushroom,Journey to Baan Malur.esp,CraftingCookpot,SOMRMushroomSoup,5,Mushroom01x2; MoraTapinellaBits,FoodRestoreHealth 15/0s; AlchDamageMagickaDuration 4/10s,yes
3,3,a Morrowind dish,1e4819:Journey to Baan Malur.esp,SaltricePorridgeRecipe,Journey to Baan Malur.esp,CraftingCookpot,SOMRSaltricePorridge,5,BYOHFoodMilk; ccBGSSSE037_Saltricex3,FoodRestoreHealth 10/0s; FoodRestoreStamina 10/0s,yes
3,3,a Morrowind dish,52879:Journey to Baan Malur.esp,SOMRScribThoraxRecipe,Journey to Baan Malur.esp,CraftingCookpot,SOMRScribCooked,15,DLC2FoodAshHopperMeat,FoodRestoreHealth 12/0s,yes
3,3,a Morrowind dish,52878:Journey to Baan Malur.esp,SOMRScribLegRecipe,Journey to Baan Malur.esp,CraftingCookpot,SOMRScribLegCooked,15,DLC2FoodAshHopperLeg,FoodRestoreHealth 12/0s,yes
3,3,a Morrowind dish,99c76:Journey to Baan Malur.esp,RecipeFoodSoupMushroomSkeever,Journey to Baan Malur.esp,CraftingCookpot,SOMRSkeeverMushroomStew,5,SkeeverTail; Mushroom01; MoraTapinellaBits,FoodRestoreHealth 18/0s; AlchDamageMagickaRate 8/15s,yes
4,4,a potion-like effect,f7b:ccBGSSSE001-Fish.esm,ccBGSSSE001_RecipeFoodCrabCakes,ccBGSSSE001-Fish.esm,BYOHCraftingOven,ccBGSSSE001_FoodCrabCakes,5,SaltPile; ccBGSSSE001_FoodCrabMeat; BYOHFoodFlour,FoodRestoreHealth 15/0s; AlchFortifyBlock 5/60s,yes
4,4,a potion-like effect,117f9:HearthFires.esm,BYOHRecipeFoodAppleDumplings,HearthFires.esm,BYOHCraftingOven,BYOHFoodAppleDumpling01,3,BYOHFoodFlour; FoodApple02; FoodApple,FoodRestoreHealth 5/0s; AlchFortifyMarksman 5/60s,yes
4,4,a potion-like effect,a11:HearthFires.esm,BYOHRecipeFoodBraidedBread,HearthFires.esm,BYOHCraftingOven,BYOHFoodBraidedBread01,2,SaltPile; BYOHFoodFlour,FoodRestoreHealth 2/0s; AlchFortifyCarryWeight 5/30s,yes
4,4,restores over time,11800:HearthFires.esm,BYOHRecipeFoodChickenDumplings,HearthFires.esm,BYOHCraftingOven,BYOHFoodChickenDumpling01,3,SaltPile; BYOHFoodFlour; FoodChicken; Garlic; FoodLeek,FoodRestoreHealth 15/0s; FoodRestoreHealthDuration 1/120s,yes
4,4,a potion-like effect,a12:HearthFires.esm,BYOHRecipeFoodGarlicBread,HearthFires.esm,BYOHCraftingOven,BYOHFoodGarlicBread01,2,Garlic; BYOHFoodButter; FoodBread01A,FoodRestoreHealth 1/0s; AlchCureDisease 1/0s,yes
4,4,restores over time,117fc:HearthFires.esm,BYOHRecipeFoodJuniperberryCrostata,HearthFires.esm,BYOHCraftingOven,BYOHFoodJuniperBerryCrostata,5,BYOHFoodButter; JuniperBerriesx3; BYOHFoodFlour,FoodRestoreHealth 4/0s; FoodRestoreHealthDuration 2/60s,yes
4,4,a potion-like effect,11802:HearthFires.esm,BYOHRecipeFoodLavenderDumplings,HearthFires.esm,BYOHCraftingOven,BYOHFoodLavenderDumpling01,3,MoonSugar; BYOHFoodFlour; Snowberryx2; Lavender,FoodRestoreHealth 5/0s; FoodFortifyMagicka 10/60s; AlchResistMagic 10/60s,yes
4,4,a potion-like effect,117fd:HearthFires.esm,BYOHRecipeFoodSnowberryCrostata,HearthFires.esm,BYOHCraftingOven,BYOHFoodSnowberryCrostata,5,BYOHFoodButter; Snowberryx2; BYOHFoodFlour,FoodRestoreHealth 10/0s; AlchResistFire 4/60s,yes
4,4,restores over time,3db67:Journey to Baan Malur.esp,CrabDumplingRecipe,Journey to Baan Malur.esp,BYOHCraftingOven,SOMRCrabDumpling,3,SaltPile; Garlic; BYOHFoodFlour; BYOHFoodMudcrabLegs,FoodRestoreHealth 15/0s; FoodRestoreHealthDuration 1/120s,yes
4,4,a potion-like effect,60298f:BSAssets.esm,BSKRecipeFoodCoffeeTankard,BSAssets.esm,CraftingCookpot,BSKFoodCoffeeTankard,5,BSKFoodCoffee,AlchRestoreHealth 5/0s,yes
4,4,a potion-like effect,602990:BSAssets.esm,BSKRecipeFoodCoffeeTankard02,BSAssets.esm,CraftingCookpot,BSKFoodCoffeeTankard,5,BSKFoodCoffee02Green,AlchRestoreHealth 5/0s,yes
4,4,restores over time,defaf:BSHeartland.esm,CYRRecipeFoodSoupFish,BSHeartland.esm,CraftingCookpot,CYRFoodFishSoup,5,SaltPile; CYRCritterPondFish01Ingredientx2,FoodRestoreHealthDuration 1/720s; FoodRestoreStaminaDuration 1/720s,yes
4,4,a potion-like effect,cc2d3:BSHeartland.esm,CYRRecipeFoodImperialCityStew,BSHeartland.esm,CraftingCookpot,CYRFoodImperialCityStew,8,SaltPile; Garlic; CYRFoodTrout; CYRFoodBrandyBottle01A,FoodRestoreStamina 10/0s; AlchRestoreHealth 25/0s,yes
4,4,restores over time,f79:ccBGSSSE001-Fish.esm,ccBGSSSE001_RecipeFoodCrabStew,ccBGSSSE001-Fish.esm,CraftingCookpot,ccBGSSSE001_FoodSoupCrabStew,5,ccBGSSSE001_FoodCrabMeat; FoodLeek; Garlic; FoodPotato,FoodRestoreHealthDuration 1/720s; FoodRestoreStaminaDuration 2/720s,yes
4,4,restores over time,f7a:ccBGSSSE001-Fish.esm,ccBGSSSE001_RecipeFoodCrabStewHOT,ccBGSSSE001-Fish.esm,CraftingCookpot,ccBGSSSE001_FoodSoupCrabStewHOT,5,ccBGSSSE001_FoodCrabMeat; FoodLeek; Garlic; FoodPotato; FireSalts,FoodRestoreHealthDuration 1/720s; FoodRestoreStaminaDuration 2/720s,gated: GetGlobalValue
4,4,restores over time,f03:ccBGSSSE001-Fish.esm,ccBGSSSE001_RecipeFoodRoastedTomatoCrabBisque,ccBGSSSE001-Fish.esm,CraftingCookpot,ccBGSSSE001_FoodSoupTomatoCrabBisque,5,ccBGSSSE001_FoodCrabMeat; FoodTomato; SaltPile; BYOHFoodButter,FoodRestoreHealth 15/0s; FoodRestoreHealthDuration 1/720s,yes
4,4,restores over time,f0e:ccBGSSSE001-Fish.esm,ccBGSSSE001_RecipeFoodRoastedTomatoCrabBisqueHOT,ccBGSSSE001-Fish.esm,CraftingCookpot,ccBGSSSE001_FoodSoupTomatoCrabBisqueHOT,5,ccBGSSSE001_FoodCrabMeat; FoodTomato; FireSalts; BYOHFoodButter,FoodRestoreHealth 15/0s; FoodRestoreHealthDuration 1/720s,gated: GetGlobalValue
4,4,restores over time,9d9:ccQDRSSE001-SurvivalMode.esl,Survival_RecipeFoodSoupVegetable,ccQDRSSE001-SurvivalMode.esl,CraftingCookpot,Survival_FoodHotVegetableSoup,5,FoodTomato; FoodLeek; FoodPotato; FoodCabbage; FireSalts,FoodRestoreHealthDuration 1/720s,gated: GetGlobalValue
4,4,restores over time,9df:ccQDRSSE001-SurvivalMode.esl,Survival_RecipeFoodStewVenison,ccQDRSSE001-SurvivalMode.esl,CraftingCookpot,Survival_FoodHotVenisonStew,8,FoodLeek; FoodPotato; FireSalts; FoodVenison,FoodRestoreHealthDuration 1/720s,gated: GetGlobalValue
4,4,restores over time,4cf19:Journey to Baan Malur.esp,AshHopperStewLegRecipe,Journey to Baan Malur.esp,CraftingCookpot,SOMRAshHopperStew,8,SaltPile; Garlic; DLC2FoodAshYam; DLC2FoodAshHopperLeg,FoodRestoreStamina 15/0s; FoodRestoreHealthDuration 1/720s; FoodRestoreStaminaDuration 1/720s,yes
4,4,restores over time,4cf1a:Journey to Baan Malur.esp,AshHopperStewTorsoRecipe,Journey to Baan Malur.esp,CraftingCookpot,SOMRAshHopperStew,8,SaltPile; Garlic; DLC2FoodAshYam; DLC2FoodAshHopperMeat,FoodRestoreStamina 15/0s; FoodRestoreHealthDuration 1/720s; FoodRestoreStaminaDuration 1/720s,yes
4,4,restores over time,4cf18:Journey to Baan Malur.esp,AshYamSoupRecipe,Journey to Baan Malur.esp,CraftingCookpot,SOMRAshYamSoup,5,SaltPile; Garlic; DLC2FoodAshYamx2,FoodRestoreHealthDuration 1/720s; FoodRestoreStaminaDuration 1/720s,yes
4,4,restores over time,4cf1b:Journey to Baan Malur.esp,KagoutiStewRecipe,Journey to Baan Malur.esp,CraftingCookpot,SOMRKagoutiStew,8,SaltPile; Garlic; FoodCarrot; KagoutiFleshRaw,FoodRestoreStamina 15/0s; FoodRestoreHealth 15/0s; FoodRestoreHealthDuration 1/720s,yes
4,4,restores over time,f4316:Skyrim.esm,RecipeFoodStewHorker,Skyrim.esm,CraftingCookpot,FoodHorkerStew,8,Lavender; FoodTomato; Garlic; FoodHorkerMeat,FoodRestoreStamina 15/0s; FoodRestoreHealth 15/0s; FoodRestoreHealthDuration 1/720s,yes
4,4,restores over time,f4319:Skyrim.esm,RecipeFoodSoupVegetable,Skyrim.esm,CraftingCookpot,FoodVegetableSoup,5,FoodCabbage; FoodPotato; FoodLeek; FoodTomato,FoodRestoreHealthDuration 1/720s; FoodRestoreStaminaDuration 1/720s,yes
4,4,restores over time,f4317:Skyrim.esm,RecipeFoodStewVenison,Skyrim.esm,CraftingCookpot,FoodVenisonStew,8,FoodVenison; SaltPile; FoodPotato; FoodLeek,FoodRestoreStamina 15/0s; FoodRestoreHealthDuration 1/720s; FoodRestoreStaminaDuration 1/720s,yes
5,5,a Fortify effect of 5 minutes or more,71a86:BSHeartland.esm,CYRRecipeFoodSaladWatermelon,BSHeartland.esm,CraftingCookpot,CYRFoodWatermelonSalad,8,FoodHoney; BSKFoodWatermelon; CYRMagusMint,FoodFortifyMagicka 15/720s; FoodRestoreHealth 10/0s,yes
5,5,a Fortify effect of 5 minutes or more,f01:ccBGSSSE001-Fish.esm,ccBGSSSE001_RecipeFoodCreamyCrabBisque,ccBGSSSE001-Fish.esm,CraftingCookpot,ccBGSSSE001_FoodSoupCreamyCrabBisque,8,ccBGSSSE001_FoodCrabMeat; BYOHFoodFlour; SaltPile; BYOHFoodButter,FoodFortifyStamina 25/720s; FoodRestoreStaminaDuration 2/720s,yes
5,5,a Fortify effect of 5 minutes or more,f0f:ccBGSSSE001-Fish.esm,ccBGSSSE001_RecipeFoodCreamyCrabBisqueHOT,ccBGSSSE001-Fish.esm,CraftingCookpot,ccBGSSSE001_FoodSoupCreamyCrabBisqueHOT,8,ccBGSSSE001_FoodCrabMeat; BYOHFoodFlour; FireSalts; BYOHFoodButter,FoodFortifyStamina 25/720s; FoodRestoreStaminaDuration 2/720s,gated: GetGlobalValue
5,5,a Fortify effect of 5 minutes or more,9dd:ccQDRSSE001-SurvivalMode.esl,Survival_RecipeFoodStewBeef,ccQDRSSE001-SurvivalMode.esl,CraftingCookpot,Survival_FoodHotBeefStew,8,Garlic; FireSalts; FoodCarrot; FoodBeef,FoodFortifyStamina 25/720s,gated: GetGlobalValue
5,5,a Fortify effect of 5 minutes or more,a09:ccQDRSSE001-SurvivalMode.esl,Survival_RecipeFoodElsweyrFondue,ccQDRSSE001-SurvivalMode.esl,CraftingCookpot,Survival_FoodHotElsweyrFondue,5,Ale; MoonSugar; FoodCheeseWheel02A; FireSalts,FoodFortifyMagickaRate 25/720s,gated: GetGlobalValue
5,5,a Fortify effect of 5 minutes or more,14c15:Journey to Baan Malur.esp,mihailcliffracerrecipe,Journey to Baan Malur.esp,CraftingCookpot,SOMRCliffracerStew,8,Garlic; FoodPotatox2; FoodTomatox2; mihailcliffracertailx2,AlchFortifyStaminaRate 50/360s,yes
5,5,a Fortify effect of 5 minutes or more,f4313:Skyrim.esm,RecipeFoodStewBeef,Skyrim.esm,CraftingCookpot,FoodBeefStew,8,FoodBeef; FoodCarrot; SaltPile; Garlic,FoodFortifyStamina 25/720s; FoodRestoreStaminaDuration 2/720s,yes
5,5,a Fortify effect of 5 minutes or more,f431f:Skyrim.esm,RecipeFoodElsweyrFondue,Skyrim.esm,CraftingCookpot,FoodElsweyrFondue,5,FoodCheeseWheel02A; MoonSugar; Ale,FoodFortifyMagickaRate 25/720s; FoodFortifyMagicka 100/720s,yes
